{"cameraMode":{"drawMode":0,"name":"Shaded","section":"Shading Mode"},"sceneLighting":false,"audioPlay":false,"sceneViewState":{"showFog":true,"showMaterialUpdate":true,"showSkybox":false,"showFlares":true,"showImageEffects":true,"showParticleSystems":true},"in2DMode":false,"pivot":{"x":3.9699997901916506,"y":-0.23100000619888307,"z":5.559999942779541},"rotation":{"x":0.36041122674942019,"y":-0.005347368773072958,"z":0.0020676706917583944,"w":0.9327759146690369},"size":4.950000286102295,"orthographic":false}