{"cameraMode":{"drawMode":0,"name":"Shaded","section":"Shading Mode"},"sceneLighting":false,"audioPlay":false,"sceneViewState":{"showFog":true,"showMaterialUpdate":true,"showSkybox":false,"showFlares":true,"showImageEffects":true,"showParticleSystems":true},"in2DMode":false,"pivot":{"x":3.9699997901916506,"y":-0.01041346788406372,"z":5.559999942779541},"rotation":{"x":0.18607836961746217,"y":0.2241246998310089,"z":-0.0436394140124321,"w":0.955635130405426},"size":5.237802505493164,"orthographic":false}