{"cameraMode":{"drawMode":0,"name":"Shaded","section":"Shading Mode"},"sceneLighting":false,"audioPlay":false,"sceneViewState":{"showFog":true,"showMaterialUpdate":true,"showSkybox":false,"showFlares":true,"showImageEffects":true,"showParticleSystems":true},"in2DMode":false,"pivot":{"x":1.6109999418258668,"y":0.7309917211532593,"z":0.24799995124340058},"rotation":{"x":0.18607836961746217,"y":0.2241246998310089,"z":-0.0436394140124321,"w":0.955635130405426},"size":3.6682114601135256,"orthographic":false}