{"cameraMode":{"drawMode":0,"name":"Shaded","section":"Shading Mode"},"sceneLighting":true,"audioPlay":false,"sceneViewState":{"showFog":true,"showMaterialUpdate":true,"showSkybox":false,"showFlares":true,"showImageEffects":true,"showParticleSystems":true},"in2DMode":false,"pivot":{"x":-0.015035629272460938,"y":2.244739532470703,"z":0.013158798217773438},"rotation":{"x":0.6938105225563049,"y":0.11119317263364792,"z":-0.10973626375198364,"w":0.7030085921287537},"size":120.0311279296875,"orthographic":false}