{"cameraMode":{"drawMode":0,"name":"Shaded","section":"Shading Mode"},"sceneLighting":false,"audioPlay":false,"sceneViewState":{"showFog":true,"showMaterialUpdate":true,"showSkybox":false,"showFlares":true,"showImageEffects":true,"showParticleSystems":true},"in2DMode":false,"pivot":{"x":5.843605041503906,"y":8.165701866149903,"z":-0.1696794629096985},"rotation":{"x":0.34704047441482546,"y":0.09707184135913849,"z":-0.03613968938589096,"w":0.9321126341819763},"size":20.856294631958009,"orthographic":false}