{"cameraMode":{"drawMode":0,"name":"Shaded","section":"Shading Mode"},"sceneLighting":false,"audioPlay":false,"sceneViewState":{"showFog":true,"showMaterialUpdate":true,"showSkybox":false,"showFlares":true,"showImageEffects":true,"showParticleSystems":true},"in2DMode":false,"pivot":{"x":-0.03621387481689453,"y":2.020845890045166,"z":0.4596646726131439},"rotation":{"x":0.1116800308227539,"y":-0.0056968261487782,"z":0.0006418483681045473,"w":0.9937276840209961},"size":8.672652244567871,"orthographic":false}