{"cameraMode":{"drawMode":0,"name":"Shaded","section":"Shading Mode"},"sceneLighting":false,"audioPlay":false,"sceneViewState":{"showFog":true,"showMaterialUpdate":true,"showSkybox":false,"showFlares":true,"showImageEffects":true,"showParticleSystems":true},"in2DMode":false,"pivot":{"x":0.0,"y":1.159999966621399,"z":0.02000001072883606},"rotation":{"x":0.2063303142786026,"y":0.35928285121917727,"z":-0.08177995681762696,"w":0.9064522981643677},"size":2.769953727722168,"orthographic":false}