{"cameraMode":{"drawMode":0,"name":"Shaded","section":"Shading Mode"},"sceneLighting":true,"audioPlay":false,"sceneViewState":{"showFog":true,"showMaterialUpdate":true,"showSkybox":false,"showFlares":true,"showImageEffects":true,"showParticleSystems":true},"in2DMode":false,"pivot":{"x":0.015033721923828125,"y":-0.13892364501953126,"z":-0.01316070556640625},"rotation":{"x":0.2707984745502472,"y":0.6333938837051392,"z":-0.252407968044281,"w":0.6795371174812317},"size":238.29562377929688,"orthographic":false}