{"cameraMode":{"drawMode":0,"name":"Shaded","section":"Shading Mode"},"sceneLighting":true,"audioPlay":false,"sceneViewState":{"showFog":true,"showMaterialUpdate":true,"showSkybox":false,"showFlares":true,"showImageEffects":true,"showParticleSystems":true},"in2DMode":false,"pivot":{"x":0.009021759033203125,"y":-1.3468437194824219,"z":-0.007894515991210938},"rotation":{"x":0.2707984745502472,"y":0.6333938837051392,"z":-0.252407968044281,"w":0.6795371174812317},"size":120.0311279296875,"orthographic":false}