{"cameraMode":{"drawMode":0,"name":"Shaded","section":"Shading Mode"},"sceneLighting":true,"audioPlay":false,"sceneViewState":{"showFog":true,"showMaterialUpdate":true,"showSkybox":true,"showFlares":true,"showImageEffects":true,"showParticleSystems":true},"in2DMode":false,"pivot":{"x":-3.6378321647644045,"y":0.1212611198425293,"z":12.126104354858399},"rotation":{"x":-0.20756562054157258,"y":0.11681432276964188,"z":-0.024974724277853967,"w":-0.9709002375602722},"size":41.24769973754883,"orthographic":false}